[
  {
    "ID_BaiViet": "a73dc0c6dc",
    "TenTieuDe": {
      "Ten": "Giới Thiệu Về HQKStore",
      "TenKhongVietHoa": "gioi thieu ve hqkstore"
    },
    "NoiDung": "abc xyz fsdfds",
    "LinkBaiViet": "http://",
    "SoLuotXem": 10,
    "NgayTao": {
      "Nam": 2019,
      "Ngay": 3,
      "Thang": 5
    },
    "TrangThaiXoa":false
  },
  {
    "ID_BaiViet": "4672d93a6f",
    "TenTieuDe": {
      "Ten": "Giới Thiệu Về",
      "TenKhongVietHoa": "gioi thieu ve"
    },
    "NoiDung": "abc xyz fdsf",
    "LinkBaiViet": "http://",
    "SoLuotXem": 10,
    "NgayTao": {
      "Nam": 2019,
      "Ngay": 3,
      "Thang": 5
    },
    "TrangThaiXoa":false
  }
]