[
  {
    "ID_Carousel": "f45535e00b",
    "TenCarousel": {
      "Ten": "Vans",
      "TenKhongVietHoa": "vans",
      "TrangThaiXoa": false
    },
    "LinkAnh": "https://hqk.s3.us-west-1.amazonaws.com/Carousel/crs_1.jpg",
    "LinkBaiViet": "http://",
    "TrangThaiXoa": false
  },
  {
    "ID_Carousel": "34bc61b715",
    "TenCarousel": {
      "Ten": "Palladium",
      "TenKhongVietHoa": "palladium"
    },
    "LinkAnh": "https://hqk.s3.us-west-1.amazonaws.com/Carousel/crs_2.jpg",
    "LinkBaiViet": "http://",
    "TrangThaiXoa": false
  },
  {
    "ID_Carousel": "283b79cf78",
    "TenCarousel": {
      "Ten": "Vans3",
      "TenKhongVietHoa": "vans3"
    },
    "LinkAnh": "https://hqk.s3.us-west-1.amazonaws.com/Carousel/crs_3.jpg",
    "LinkBaiViet": "http://",
    "TrangThaiXoa": false
  },
  {
    "ID_Carousel": "16509b8b6d",
    "TenCarousel": {
      "Ten": "Vans2",
      "TenKhongVietHoa": "vans2"
    },
    "LinkAnh": "https://hqk.s3.us-west-1.amazonaws.com/Carousel/crs_4.jpg",
    "LinkBaiViet": "http://",
    "TrangThaiXoa": false
  }

]