[
  {
    "ID_Footer": "bcc2faf156",
    "LoaiFooter": "TT",
    "TenLienKet": "Giới thiệu",
    "Link": "http://",
    "TrangThaiXoa": false
  },
  {
    "ID_Footer": "bcc2faf157",
    "LoaiFooter": "TT",
    "TenLienKet": "Tuyển dụng",
    "Link": "http://",
    "TrangThaiXoa": false
  },
  {
    "ID_Footer": "797446e751",
    "LoaiFooter": "CSKH",
    "TenLienKet": "Than phiền/CSKH",
    "Link": "http://",
    "TrangThaiXoa": false
  },
  {
    "ID_Footer": "f755ceb9bd",
    "LoaiFooter": "FAQ",
    "TenLienKet": "Vận chuyển",
    "Link": "http://",
    "TrangThaiXoa": false
  },
  {
    "ID_Footer": "d80ccd381b",
    "LoaiFooter": "FAQ",
    "TenLienKet": "Chính sách đổi trả",
    "Link": "http://",
    "TrangThaiXoa": false
  },
  {
    "ID_Footer": "41aedb2106",
    "LoaiFooter": "CH",
    "TenLienKet": {
      "Ten":"128 Trần Quang Khải, Q1",
      "TenKhongVietHoa":"128 tran quang khai, q1"
    },
    "Link": "http://",
    "TrangThaiXoa": false

  },
  {
    "ID_Footer": "419d440ff2",
    "LoaiFooter": "CH",
    "TenLienKet": {
      "Ten": "19 Đồng Khởi, Q1",
      "TenKhongVietHoa": "19 dong khoi, q1"
    },
    "Link": "http://",
    "TrangThaiXoa": false
  }
]