[
  {
    "ID_HoaDon": "1f0297b8d2",
    "NgayTao": {
      "Ngay": 3,
      "Thang": 4,
      "Nam": 2019
    },
    "ThongTinKhachHang": {
      "Ten": "Nguyễn Hồng Quang",
      "SoDienThoai": "0346065968",
      "DiaChi": "Quận 12",
      "GhiChu":"hello"
    },
    "ChiTietHoaDon": [
      {
        "ID_SanPham": "1",
        "TenSanPham": "abc",
        "Anh": "dsad",
        "TenSize": "",
        "SoLuong": 2,
        "DonGia": 1650000,
        "ThanhTien":3300000
      },
      {
        "ID_SanPham": "2",
        "TenSanPham": "",
        "Anh": "",
        "TenSize": "",
        "SoLuong": 2,
        "DonGia": 1650000,
        "ThanhTien":3300000
      }
    ],
    "MaGiamGia": "Quang",
    "TiLeSale": 20,
    "TongSoTien": 2423423,
    "TrangThai": "cho"
  }

]