[
  {
    "ID_NguoiDung": "ff82ac5576",
    "TenNguoiDung": "Nguyễn Hồng Quang",
    "SoDienThoai":"0346065968",
    "DiaChi": "Quận 12",
    "Email": "quang@gmail.com",
    "VaiTro": "AD",
    "TaiKhoan":{
        "ID_TaiKhoan": "quang",
        "MatKhau": "quang123"
    },
    "NgayTao": {
        "Ngay": 3,
        "Thang":5,
        "Nam": 2019
    },
    "TrangThaiXoa":false
  },
  {
    "ID_NguoiDung": "68178096fc",
    "TenNguoiDung": "Nguyễn Minh Tài",
    "SoDienThoai":"0346065968",
    "DiaChi": "Quận 12",
    "Email": "quang@gmail.com",
    "VaiTro": "KH",
    "TaiKhoan":{
      "ID_TaiKhoan": "tai",
      "MatKhau": "tai123"
    },
    "NgayTao": {
      "Ngay": 3,
      "Thang":5,
      "Nam": 2019
    },
    "TrangThaiXoa":false
  },
  {
    "ID_NguoiDung": "f585792047",
    "TenNguoiDung": "Lê Trung Nghĩa",
    "SoDienThoai":"0346065968",
    "DiaChi": "Quận 12",
    "Email": "quang@gmail.com",
    "VaiTro": "KH",
    "TaiKhoan":{
      "ID_TaiKhoan": "nghia",
      "MatKhau": "nghia123"
    },
    "NgayTao": {
      "Ngay": 3,
      "Thang":5,
      "Nam": 2019
    },
    "TrangThaiXoa":false
  }
]