[
  {
    "ID_SanPham": "781debcf7b",
    "TenSanPham": {
      "Ten": "Vans Vault Authentic Majolica",
      "TenKhongVietHoa": "vans vault authentic majolica"
    },
    "ID_DanhMuc": "af93fd4fa1",
    "ID_ThuongHieu": "7baffa8932",
    "MoTa": {
      "TongQuan": "Vans Vault Old Skool Checkerboard với sắc màu xanh năng động cùng họa tiết carô ",
      "ChiTiet":"Vans là một nhãn hàng chuyên về phong cách cho những thể loại thể thao đường phố như Skateboar."
    },
    "ThongTin": {
      "NoiSanXuat": "Trung Quốc",
      "CheDoBaoHanh": "Bảo hành chính hãng 01 tháng",
      "PhuKienTheoKem":"Túi vans"
    },
    "Gia":1650000,
    "TiLeSale": 8,
    "Anh": {
      "AnhTemp": "https://hqk.s3.us-west-1.amazonaws.com/SanPham/Giay/VansVaultAuthenticMajolica.jpg",
      "Avatar": "https://hqk.s3.us-west-1.amazonaws.com/SanPham/Giay/VansVaultAuthenticMajolica.jpg",
      "AvtDetail1": "https://hqk.s3.us-west-1.amazonaws.com/SanPham/Giay/VansVaultAuthenticMajolica1.jpg",
      "AvtDetail2": "https://hqk.s3.us-west-1.amazonaws.com/SanPham/Giay/VansVaultAuthenticMajolica2.jpg"
    },
    "NgayTao": {
      "Ngay": 3,
      "Thang":5,
      "Nam": 2019
    },
    "TrangThaiBan":true,
    "TrangThaiXoa": false
  },
  {
    "ID_SanPham": "5269cd5ab9",
    "TenSanPham": {
      "Ten": "Vans Vault Authentic Pic Suede",
      "TenKhongVietHoa": "vans vault authentic pic suede"
  },
    "ID_DanhMuc": "af93fd4fa1",
    "ID_ThuongHieu": "7baffa8932",
    "MoTa": {
      "TongQuan": "Đây là Vans Vault Authentic Pic Suede",
      "ChiTiet":"Vans là một nhãn hàng chuyên về phong cách cho những thể loại thể thao đường phố như Skateboar."
    },
    "ThongTin": {
      "NoiSanXuat": "Trung Quốc",
      "CheDoBaoHanh": "Bảo hành chính hãng 01 tháng",
      "PhuKienTheoKem":"Túi vans"
    },
    "Gia":1800000,
    "TiLeSale": 10,
    "Anh": {
      "AnhTemp": "https://hqk.s3.us-west-1.amazonaws.com/SanPham/Giay/VansVaultAuthenticPicSuede.jpg",
      "Avatar": "https://hqk.s3.us-west-1.amazonaws.com/SanPham/Giay/VansVaultAuthenticPicSuede.jpg",
      "AvtDetail1": "https://hqk.s3.us-west-1.amazonaws.com/SanPham/Giay/VansVaultAuthenticPicSuede1.jpg",
      "AvtDetail2": "https://hqk.s3.us-west-1.amazonaws.com/SanPham/Giay/VansVaultAuthenticPicSuede2.jpg"
    },
    "NgayTao": {
      "Ngay": 3,
      "Thang":5,
      "Nam": 2019
    },
    "TrangThaiBan":true,
    "TrangThaiXoa": false
  },
  {
    "ID_SanPham": "9e10fb431a",
    "TenSanPham": {
      "Ten": "Vans Logo Benched Bag",
      "TenKhongVietHoa": "vans logo benched bag"
    },
    "ID_DanhMuc": "c5ecdec908",
    "ID_ThuongHieu": "7baffa8932",
    "MoTa": {
      "TongQuan": "Đây là Vans Logo Benched Bag",
      "ChiTiet":"Vans là một nhãn hàng chuyên về phong cách cho những thể loại thể thao đường phố như Skateboar."
    },
    "ThongTin": {
      "NoiSanXuat": "Trung Quốc",
      "CheDoBaoHanh": "Bảo hành chính hãng 01 tháng",
      "PhuKienTheoKem":"Túi vans"
    },
    "Gia":330000,
    "TiLeSale": 15,
    "Anh": {
      "AnhTemp": "https://hqk.s3.us-west-1.amazonaws.com/SanPham/Balo/Balo_Vans_Logo_Benched_Bag.jpg",
      "Avatar": "https://hqk.s3.us-west-1.amazonaws.com/SanPham/Balo/Balo_Vans_Logo_Benched_Bag.jpg",
      "AvtDetail1": "https://hqk.s3.us-west-1.amazonaws.com/SanPham/Balo/Balo_Vans_Logo_Benched_Bag_1.jpg",
      "AvtDetail2": "https://hqk.s3.us-west-1.amazonaws.com/SanPham/Balo/Balo_Vans_Logo_Benched_Bag_2.jpg"
    },
    "NgayTao": {
      "Ngay": 3,
      "Thang":5,
      "Nam": 2019
    },
    "TrangThaiBan": true,
    "TrangThaiXoa": false
  },
  {
    "ID_SanPham": "9557b9956c",
    "TenSanPham": {
      "Ten": "Balo Vans Old Skool III Backpack",
      "TenKhongVietHoa": "balo vans old skool iii backpack"
    },
    "ID_DanhMuc": "c5ecdec908",
    "ID_ThuongHieu": "7baffa8932",
    "MoTa": {
      "TongQuan": "Đây là Vans M Old Skool III Backpack",
      "ChiTiet":"Vans là một nhãn hàng chuyên về phong cách cho những thể loại thể thao đường phố như Skateboar."
    },
    "ThongTin": {
      "NoiSanXuat": "Trung Quốc",
      "CheDoBaoHanh": "Bảo hành chính hãng 01 tháng",
      "PhuKienTheoKem":"Túi vans"
    },
    "Gia":450000,
    "TiLeSale": 17,
    "Anh": {
      "AnhTemp": "https://hqk.s3.us-west-1.amazonaws.com/SanPham/Balo/Balo_Vans_Old+_Skool_III_Backpack.jpg",
      "Avatar": "https://hqk.s3.us-west-1.amazonaws.com/SanPham/Balo/Balo_Vans_Old+_Skool_III_Backpack.jpg",
      "AvtDetail1": "https://hqk.s3.us-west-1.amazonaws.com/SanPham/Balo/Balo_Vans_Old+_Skool_III_Backpack_1.jpg",
      "AvtDetail2": "https://hqk.s3.us-west-1.amazonaws.com/SanPham/Balo/Balo_Vans_Old+_Skool_III_Backpack_2.jpg"
    },
    "NgayTao": {
      "Ngay": 3,
      "Thang":5,
      "Nam": 2019
    },
    "TrangThaiBan":true,
    "TrangThaiXoa": false
  },
  {
    "ID_SanPham": "cd0afc5021",
    "TenSanPham": {
      "Ten": "Vans Authentic Anaheim Red",
      "TenKhongVietHoa": "vans authentic anaheim red"
    },
    "ID_DanhMuc": "af93fd4fa1",
    "ID_ThuongHieu": "7baffa8932",
    "MoTa": {
      "TongQuan": "Đây là Vans Authentic Anaheim Red",
      "ChiTiet":"Vans là một nhãn hàng chuyên về phong cách cho những thể loại thể thao đường phố như Skateboar."
    },
    "ThongTin": {
      "NoiSanXuat": "Trung Quốc",
      "CheDoBaoHanh": "Bảo hành chính hãng 01 tháng",
      "PhuKienTheoKem":"Túi vans"
    },
    "Gia":1950000,
    "TiLeSale": 10,
    "Anh": {
      "AnhTemp": "https://hqk.s3.us-west-1.amazonaws.com/SanPham/Giay/Vans_Authentic_+Anaheim_Red.jpg",
      "Avatar": "https://hqk.s3.us-west-1.amazonaws.com/SanPham/Giay/Vans_Authentic_+Anaheim_Red.jpg",
      "AvtDetail1": "https://hqk.s3.us-west-1.amazonaws.com/SanPham/Giay/Vans_Authentic_+Anaheim_Red_1.jpg",
      "AvtDetail2": "https://hqk.s3.us-west-1.amazonaws.com/SanPham/Giay/Vans_Authentic_+Anaheim_Red_2.jpg"
    },
    "NgayTao": {
      "Ngay": 3,
      "Thang":5,
      "Nam": 2019
    },
    "TrangThaiBan":true,
    "TrangThaiXoa": false
  },
  {
    "ID_SanPham": "4d75433889",
    "TenSanPham": {
      "Ten": "Vans Authentic All White",
      "TenKhongVietHoa": "vans authentic all white"
    },
    "ID_DanhMuc": "af93fd4fa1",
    "ID_ThuongHieu": "7baffa8932",
    "MoTa": {
      "TongQuan": "Đây là Vans Authentic All White ",
      "ChiTiet":"Vans là một nhãn hàng chuyên về phong cách cho những thể loại thể thao đường phố như Skateboar."
    },
    "ThongTin": {
      "NoiSanXuat": "Trung Quốc",
      "CheDoBaoHanh": "Bảo hành chính hãng 01 tháng",
      "PhuKienTheoKem":"Túi vans"
    },
    "Gia":1100000,
    "TiLeSale": 15,
    "Anh": {
      "AnhTemp": "https://hqk.s3.us-west-1.amazonaws.com/SanPham/Giay/Vans_Authentic_AllWhite.jpg",
      "Avatar": "https://hqk.s3.us-west-1.amazonaws.com/SanPham/Giay/Vans_Authentic_AllWhite.jpg",
      "AvtDetail1": "https://hqk.s3.us-west-1.amazonaws.com/SanPham/Giay/Vans_Authentic_AllWhite_1.jpg",
      "AvtDetail2": "https://hqk.s3.us-west-1.amazonaws.com/SanPham/Giay/Vans_Authentic_AllWhite_2.jpg"
    },
    "NgayTao": {
      "Ngay": 3,
      "Thang":5,
      "Nam": 2019
    },
    "TrangThaiBan":true,
    "TrangThaiXoa": false
  },
  {
    "ID_SanPham": "1ab9c5b104",
    "TenSanPham": {
      "Ten": "Converse 1970s Black",
      "TenKhongVietHoa": "converse 1970s black"
    },
    "ID_DanhMuc": "af93fd4fa1",
    "ID_ThuongHieu": "a386aeaab6",
    "MoTa": {
      "TongQuan": "Đây là Converse 1970s Black",
      "ChiTiet":"Vans là một nhãn hàng chuyên về phong cách cho những thể loại thể thao đường phố như Skateboar."
    },
    "ThongTin": {
      "NoiSanXuat": "Trung Quốc",
      "CheDoBaoHanh": "Bảo hành chính hãng 01 tháng",
      "PhuKienTheoKem":"Túi vans"
    },
    "Gia":1800000,
    "TiLeSale": 13,
    "Anh": {
      "AnhTemp": "https://hqk.s3.us-west-1.amazonaws.com/SanPham/Giay/ChuckTaylor_AllStar1970s_BlackLow.jpg",
      "Avatar": "https://hqk.s3.us-west-1.amazonaws.com/SanPham/Giay/ChuckTaylor_AllStar1970s_BlackLow.jpg",
      "AvtDetail1": "https://hqk.s3.us-west-1.amazonaws.com/SanPham/Giay/ChuckTaylor_AllStar1970s_BlackLow_1.jpg",
      "AvtDetail2": "https://hqk.s3.us-west-1.amazonaws.com/SanPham/Giay/ChuckTaylor_AllStar1970s_BlackLow_2.jpg"
    },
    "NgayTao": {
      "Ngay": 3,
      "Thang":5,
      "Nam": 2019
    },
    "TrangThaiBan":true,
    "TrangThaiXoa": false
  },
  {
    "ID_SanPham": "bdd9dea0bf",
    "TenSanPham": {
      "Ten": "Converse Sunflower 1970s",
      "TenKhongVietHoa": "converse sunflower 1970s"
    },
    "ID_DanhMuc": "af93fd4fa1",
    "ID_ThuongHieu": "a386aeaab6",
    "MoTa": {
      "TongQuan": "Đây là Converse Sunflower 1970s",
      "ChiTiet":"Vans là một nhãn hàng chuyên về phong cách cho những thể loại thể thao đường phố như Skateboar."
    },
    "ThongTin": {
      "NoiSanXuat": "Trung Quốc",
      "CheDoBaoHanh": "Bảo hành chính hãng 01 tháng",
      "PhuKienTheoKem":"Túi vans"
    },
    "Gia":2200000,
    "TiLeSale": 15,
    "Anh": {
      "AnhTemp": "https://hqk.s3.us-west-1.amazonaws.com/SanPham/Giay/ChuckTaylor_AllStar1970s_Sunflower_Tall.jpg",
      "Avatar": "https://hqk.s3.us-west-1.amazonaws.com/SanPham/Giay/ChuckTaylor_AllStar1970s_Sunflower_Tall.jpg",
      "AvtDetail1": "https://hqk.s3.us-west-1.amazonaws.com/SanPham/Giay/ChuckTaylor_AllStar1970s_Sunflower_Tall_1.jpg",
      "AvtDetail2": "https://hqk.s3.us-west-1.amazonaws.com/SanPham/Giay/ChuckTaylor_AllStar1970s_Sunflower_Tall_2.jpg"
    },
    "NgayTao": {
      "Ngay": 3,
      "Thang":5,
      "Nam": 2019
    },
    "TrangThaiBan":true,
    "TrangThaiXoa": false
  },
  {
    "ID_SanPham": "939feba0da",
    "TenSanPham": {
      "Ten": "Palladium Blanc Hi",
      "TenKhongVietHoa": "palladium blanc hi"
    },
    "ID_DanhMuc": "af93fd4fa1",
    "ID_ThuongHieu": "6ba17421a2",
    "MoTa": {
      "TongQuan": "Đây là Palladium Blanc Hi",
      "ChiTiet":"Vans là một nhãn hàng chuyên về phong cách cho những thể loại thể thao đường phố như Skateboar."
    },
    "ThongTin": {
      "NoiSanXuat": "Trung Quốc",
      "CheDoBaoHanh": "Bảo hành chính hãng 01 tháng",
      "PhuKienTheoKem":"Túi vans"
    },
    "Gia":1500000,
    "TiLeSale": 20,
    "Anh": {
      "AnhTemp": "https://hqk.s3.us-west-1.amazonaws.com/SanPham/Giay/Palladium_Blanc_Hi.jpg",
      "Avatar": "https://hqk.s3.us-west-1.amazonaws.com/SanPham/Giay/Palladium_Blanc_Hi.jpg",
      "AvtDetail1": "https://hqk.s3.us-west-1.amazonaws.com/SanPham/Giay/Palladium_Blanc_Hi_1.jpg",
      "AvtDetail2": "https://hqk.s3.us-west-1.amazonaws.com/SanPham/Giay/Palladium_Blanc_Hi_2.jpg"
    },
    "NgayTao": {
      "Ngay": 3,
      "Thang":5,
      "Nam": 2019
    },
    "TrangThaiBan":true,
    "TrangThaiXoa": false
  },
  {
    "ID_SanPham": "44f505c422",
    "TenSanPham": {
      "Ten": "Palladium Box Logo Origins",
      "TenKhongVietHoa": "palladium box logo origins"
    },
    "ID_DanhMuc": "56acc091e7",
    "ID_ThuongHieu": "6ba17421a2",
    "MoTa": {
      "TongQuan": "Đây là Palladium Box Logo Origins",
      "ChiTiet":"Vans là một nhãn hàng chuyên về phong cách cho những thể loại thể thao đường phố như Skateboar."
    },
    "ThongTin": {
      "NoiSanXuat": "Trung Quốc",
      "CheDoBaoHanh": "Bảo hành chính hãng 01 tháng",
      "PhuKienTheoKem":"Túi vans"
    },
    "Gia":380000,
    "TiLeSale": 10,
    "Anh": {
      "AnhTemp": "https://hqk.s3.us-west-1.amazonaws.com/SanPham/Ao/Palladium_Box_Logo_Origins.jpg",
      "Avatar": "https://hqk.s3.us-west-1.amazonaws.com/SanPham/Ao/Palladium_Box_Logo_Origins.jpg",
      "AvtDetail1": "https://hqk.s3.us-west-1.amazonaws.com/SanPham/Ao/Palladium_Box_Logo_Origins_1.jpg",
      "AvtDetail2": "https://hqk.s3.us-west-1.amazonaws.com/SanPham/Ao/Palladium_Box_Logo_Origins_2.jpg"
    },
    "NgayTao": {
      "Ngay": 3,
      "Thang":5,
      "Nam": 2019
    },
    "TrangThaiBan":true,
    "TrangThaiXoa": false
  }
]