[
  {
    "ID_Size": "ghdjasgfs4",
    "ID_SanPham": "781debcf7b",
    "TenSize": "S",
    "SoLuong": 32
  },
  {
    "ID_Size": "ghdj5asgfs",
    "ID_SanPham": "5269cd5ab9",
    "TenSize": "S",
    "SoLuong": 32
  },
  {
    "ID_Size": "ghdja5sgfs",
    "ID_SanPham": "9e10fb431a",
    "TenSize": "S",
    "SoLuong": 32
  },
  {
    "ID_Size": "gh4jasgfs",
    "ID_SanPham": "9557b9956c",
    "TenSize": "S",
    "SoLuong": 32
  },
  {
    "ID_Size": "ghdja7sgfs",
    "ID_SanPham": "cd0afc5021",
    "TenSize": "S",
    "SoLuong": 32
  },
  {
    "ID_Size": "ghdjas75j6",
    "ID_SanPham": "4d75433889",
    "TenSize": "S",
    "SoLuong": 32
  },
  {
    "ID_Size": "hdja7465fs",
    "ID_SanPham": "1ab9c5b104",
    "TenSize": "S",
    "SoLuong": 32
  },
  {
    "ID_Size": "g7fdjasgl6",
    "ID_SanPham": "bdd9dea0bf",
    "TenSize": "S",
    "SoLuong": 32
  },
  {
    "ID_Size": "h58ddjrk490",
    "ID_SanPham": "a386aeaab6",
    "TenSize": "S",
    "SoLuong": 32
  },
  {
    "ID_Size": "ghdjasgfs",
    "ID_SanPham": "939feba0da",
    "TenSize": "S",
    "SoLuong": 32
  },
  {
    "ID_Size": "kdifj48506",
    "ID_SanPham": "44f505c422",
    "TenSize": "S",
    "SoLuong": 32
  },
  {
    "ID_Size": "jfkdoelrjt",
    "ID_SanPham": "44f505c422",
    "TenSize": "S",
    "SoLuong": 32
  }
]