[
  {
    "ID_ThuongHieu": "7baffa8932",
    "TenThuongHieu": {
      "Ten": "Vans",
      "TenKhongVietHoa": "vans"
    },
    "TrangThaiXoa": false
  },
  {
    "ID_ThuongHieu": "a386aeaab6",
    "TenThuongHieu": {
      "Ten": "Converse",
      "TenKhongVietHoa": "converse"
    },
    "TrangThaiXoa": false
  },
  {
    "ID_ThuongHieu": "6ba17421a2",
    "TenThuongHieu": {
      "Ten": "Paladium",
      "TenKhongVietHoa": "paladium"
    },
    "TrangThaiXoa":false
  }
]